{"loss": [4.021221160888672, 2.706666946411133, 2.6417882442474365, 2.597384214401245, 2.5850462913513184, 2.5640275478363037], "accuracy": [0.5188362002372742, 0.6070467829704285, 0.6113774180412292, 0.6163387298583984, 0.6164648532867432, 0.6181886792182922], "val_loss": [2.131267786026001, 1.983539342880249, 1.930954098701477, 1.949280858039856, 1.9429353475570679, 1.9346160888671875], "val_accuracy": [0.7897392511367798, 0.7949537634849548, 0.7974768877029419, 0.7910849452018738, 0.7905803322792053, 0.7981497049331665]}