{
  "loss": [
    3.216414451599121,
    1.7127279043197632,
    1.5153090953826904,
    1.4339543581008911,
    1.3898569345474243,
    1.3381696939468384,
    1.3539981842041016,
    1.3139970302581787,
    1.2964613437652588,
    1.2918521165847778,
    1.2727229595184326,
    1.2465626001358032,
    1.2207070589065552,
    1.237369418144226,
    1.2387923002243042,
    1.2063013315200806,
    1.2190024852752686,
    1.2015509605407715,
    1.202085018157959,
    1.1834728717803955,
    1.175428032875061,
    1.1866977214813232,
    1.1824679374694824,
    1.1776081323623657,
    1.1745434999465942
  ],
  "accuracy": [
    0.6941335797309875,
    0.7468411326408386,
    0.7578519582748413,
    0.7613718509674072,
    0.762635350227356,
    0.7710288763046265,
    0.7662906050682068,
    0.7704422473907471,
    0.7712996602058411,
    0.7716155052185059,
    0.7757671475410461,
    0.7782490849494934,
    0.7808664441108704,
    0.7772563099861145,
    0.776759922504425,
    0.7837094068527222,
    0.7790613770484924,
    0.7781588435173035,
    0.7779332399368286,
    0.7809115648269653,
    0.7829873561859131,
    0.7817237973213196,
    0.7779332399368286,
    0.7775270938873291,
    0.7790613770484924
  ],
  "val_loss": [
    1.7475770711898804,
    1.352866768836975,
    1.3101633787155151,
    1.2281503677368164,
    1.2532196044921875,
    1.1711505651474,
    1.1599503755569458,
    1.0913903713226318,
    1.0930362939834595,
    1.1006652116775513,
    1.08387291431427,
    1.062651515007019,
    1.1372878551483154,
    1.0814757347106934,
    1.0030385255813599,
    1.0507235527038574,
    1.0326588153839111,
    1.0613902807235718,
    0.9907171130180359,
    1.0066064596176147,
    1.048814296722412,
    1.0063308477401733,
    1.032088041305542,
    1.05791175365448,
    1.0439410209655762
  ],
  "val_accuracy": [
    0.7784798741340637,
    0.8113377690315247,
    0.8028525114059448,
    0.8089907765388489,
    0.7914786338806152,
    0.8209062814712524,
    0.8246976137161255,
    0.8286694288253784,
    0.8234338164329529,
    0.8219895362854004,
    0.8257808089256287,
    0.8270446062088013,
    0.8030330538749695,
    0.8200036287307739,
    0.8344466686248779,
    0.8272251486778259,
    0.8297526836395264,
    0.8171150088310242,
    0.833905041217804,
    0.8286694288253784,
    0.8191009163856506,
    0.8212673664093018,
    0.8142263889312744,
    0.8104351162910461,
    0.8198230862617493
  ]
}