{
  "loss": [
    3.187086582183838,
    1.7403351068496704,
    1.5241215229034424,
    1.4376046657562256,
    1.3781518936157227,
    1.3540887832641602,
    1.3329241275787354,
    1.3328479528427124,
    1.2869126796722412,
    1.282138466835022,
    1.282537579536438,
    1.2599382400512695,
    1.2499244213104248,
    1.2523608207702637,
    1.2465405464172363,
    1.2365286350250244,
    1.2571014165878296,
    1.2446666955947876,
    1.238540530204773
  ],
  "accuracy": [
    0.6732814908027649,
    0.7312171459197998,
    0.7436619997024536,
    0.7435358166694641,
    0.7518183588981628,
    0.7552659511566162,
    0.7561067938804626,
    0.7529535293579102,
    0.7548454999923706,
    0.7586714029312134,
    0.759680449962616,
    0.7602270245552063,
    0.7641370892524719,
    0.7635064125061035,
    0.7640109062194824,
    0.7653142809867859,
    0.7606474757194519,
    0.7605213522911072,
    0.7617826461791992
  ],
  "val_loss": [
    1.744253158569336,
    1.6205006837844849,
    1.287395715713501,
    1.2463243007659912,
    1.3013185262680054,
    1.180094838142395,
    1.3949335813522339,
    1.1503372192382812,
    1.128096342086792,
    1.1360300779342651,
    1.07981276512146,
    1.1248562335968018,
    1.076447606086731,
    1.0899415016174316,
    1.1471096277236938,
    1.1513153314590454,
    1.1114963293075562,
    1.081912636756897,
    1.155304193496704
  ],
  "val_accuracy": [
    0.7859064936637878,
    0.7366296648979187,
    0.7963336706161499,
    0.7921291589736938,
    0.7734611630439758,
    0.8050790429115295,
    0.744365930557251,
    0.7971745729446411,
    0.8010427355766296,
    0.8057517409324646,
    0.8139926195144653,
    0.8035654425621033,
    0.8158425688743591,
    0.8069290518760681,
    0.7929700613021851,
    0.7872519493103027,
    0.8022199869155884,
    0.8010427355766296,
    0.7921291589736938
  ]
}