{
  "loss": [
    3.152806282043457,
    1.7379225492477417,
    1.5437684059143066,
    1.4670941829681396,
    1.4015228748321533,
    1.3977396488189697,
    1.3526350259780884,
    1.3410720825195312,
    1.3053878545761108,
    1.3172311782836914,
    1.2850728034973145,
    1.3000245094299316,
    1.2906593084335327,
    1.2586842775344849,
    1.2819173336029053,
    1.253980278968811,
    1.2499072551727295,
    1.2449634075164795,
    1.2315294742584229,
    1.22588312625885,
    1.2197265625,
    1.213125467300415,
    1.2090212106704712,
    1.2174971103668213,
    1.2161338329315186
  ],
  "accuracy": [
    0.6755938529968262,
    0.7321000695228577,
    0.7371873259544373,
    0.7463107109069824,
    0.7531217336654663,
    0.7543409466743469,
    0.7571999430656433,
    0.7566953897476196,
    0.7624973654747009,
    0.7577885389328003,
    0.7640109062194824,
    0.7603111267089844,
    0.7608577013015747,
    0.7672062516212463,
    0.7586293816566467,
    0.7658187747001648,
    0.7674164175987244,
    0.7651040554046631,
    0.764431357383728,
    0.7649359107017517,
    0.7676266431808472,
    0.7693083882331848,
    0.7672062516212463,
    0.765398383140564,
    0.7646415829658508
  ],
  "val_loss": [
    1.7980825901031494,
    1.4627232551574707,
    1.3382774591445923,
    1.3303108215332031,
    1.2500410079956055,
    1.2117255926132202,
    1.263110637664795,
    1.1483254432678223,
    1.2007739543914795,
    1.2003480195999146,
    1.180835247039795,
    1.182658076286316,
    1.1172839403152466,
    1.071522831916809,
    1.1663105487823486,
    1.0871000289916992,
    1.109291434288025,
    1.0786309242248535,
    1.0389845371246338,
    1.0835527181625366,
    1.1222134828567505,
    1.0684973001480103,
    1.0610547065734863,
    1.0613741874694824,
    1.089335322380066
  ],
  "val_accuracy": [
    0.7568113207817078,
    0.7780020236968994,
    0.7872519493103027,
    0.7726202607154846,
    0.796501874923706,
    0.798520028591156,
    0.7764884233474731,
    0.8106290102005005,
    0.7842246890068054,
    0.7813656330108643,
    0.7897746562957764,
    0.7899428009986877,
    0.8151698708534241,
    0.8111335635185242,
    0.7924655079841614,
    0.8114699125289917,
    0.804742693901062,
    0.8060881495475769,
    0.816515326499939,
    0.8059199452400208,
    0.7938109636306763,
    0.8114699125289917,
    0.810292661190033,
    0.8062562942504883,
    0.8065926432609558
  ]
}