{"loss": [4.599470615386963, 3.513153314590454, 3.0965425968170166, 2.8725404739379883, 2.6298601627349854, 2.449197292327881, 2.2187538146972656, 2.0969910621643066, 1.917694091796875, 1.7581212520599365], "accuracy": [0.3618676960468292, 0.774319052696228, 0.8832684755325317, 0.929961085319519, 0.957198441028595, 0.957198441028595, 0.9688715934753418, 0.9727626442909241, 0.9922178983688354, 0.9883268475532532], "val_loss": [3.947658061981201, 3.3160181045532227, 2.9625086784362793, 2.6954267024993896, 2.474923610687256, 2.2917776107788086, 2.1325130462646484, 1.9908899068832397, 1.8536733388900757, 1.731080412864685], "val_accuracy": [0.78125, 0.859375, 0.90625, 0.921875, 0.90625, 0.953125, 0.96875, 0.96875, 0.96875, 0.96875]}