{
  "loss": [
    2.856698989868164,
    1.533738136291504,
    1.448061466217041,
    1.4232856035232544,
    1.4247123003005981,
    1.4073476791381836,
    1.412593960762024,
    1.3993641138076782
  ],
  "accuracy": [
    0.7012403011322021,
    0.7692242860794067,
    0.7770023345947266,
    0.7774648070335388,
    0.7799032926559448,
    0.7797771692276001,
    0.7804918885231018,
    0.7833508253097534
  ],
  "val_loss": [
    1.5206547975540161,
    1.3121970891952515,
    1.3019458055496216,
    1.3128896951675415,
    1.2579954862594604,
    1.2865500450134277,
    1.3109943866729736,
    1.327958583831787
  ],
  "val_accuracy": [
    0.7971745729446411,
    0.8148335218429565,
    0.8134880661964417,
    0.8033972382545471,
    0.8195425271987915,
    0.8151698708534241,
    0.8060881495475769,
    0.8022199869155884
  ]
}