{"loss": [4.818673133850098, 3.7763144969940186, 3.262253999710083, 2.973308563232422, 2.7377712726593018, 2.5071282386779785, 2.31931209564209, 2.115442991256714, 1.9552037715911865, 1.8248083591461182], "accuracy": [0.2750000059604645, 0.671875, 0.8531249761581421, 0.9312499761581421, 0.9468749761581421, 0.9624999761581421, 0.9750000238418579, 0.987500011920929, 0.996874988079071, 0.981249988079071], "val_loss": [4.3123931884765625, 3.7302238941192627, 3.3353652954101562, 3.0368752479553223, 2.7837905883789062, 2.5617642402648926, 2.3754851818084717, 2.211214542388916, 2.058016538619995, 1.916385293006897], "val_accuracy": [0.5249999761581421, 0.6875, 0.824999988079071, 0.875, 0.8999999761581421, 0.9125000238418579, 0.925000011920929, 0.9125000238418579, 0.925000011920929, 0.925000011920929]}