{"loss": [3.8718674182891846, 2.458827018737793, 1.800986409187317, 1.3683758974075317, 1.1433241367340088, 0.9821891784667969, 0.8710124492645264], "accuracy": [0.5184702277183533, 0.8213819861412048, 0.866145133972168, 0.8961321115493774, 0.8956975340843201, 0.9104737043380737, 0.9152542352676392], "val_loss": [3.3295748233795166, 2.7401809692382812, 2.462852954864502, 2.2311739921569824, 2.1774590015411377, 2.076533794403076, 2.110976219177246], "val_accuracy": [0.6253658533096313, 0.6702439188957214, 0.6829268336296082, 0.6887804865837097, 0.6800000071525574, 0.6936585307121277, 0.6858536601066589]}