{"loss": [4.884937286376953, 3.4407401084899902, 2.616407632827759, 2.005549192428589, 1.5273504257202148, 1.163804531097412, 0.8885151743888855, 0.6847142577171326, 0.5332440733909607, 0.41665178537368774, 0.3324170410633087, 0.2703343629837036, 0.22343336045742035, 0.19441573321819305, 0.16994114220142365, 0.14611899852752686, 0.12794598937034607, 0.11287481337785721, 0.0961906835436821, 0.09538120031356812, 0.08530520647764206, 0.08134260028600693, 0.06684456765651703, 0.05681122839450836, 0.05323600023984909, 0.049543362110853195, 0.047608569264411926, 0.04387514293193817, 0.04208637773990631, 0.03911372646689415], "accuracy": [0.37146568298339844, 0.7456789016723633, 0.8497852087020874, 0.8996902704238892, 0.9308622479438782, 0.9541412591934204, 0.9662303924560547, 0.9770206809043884, 0.9840143918991089, 0.9889599084854126, 0.9917573928833008, 0.9936556816101074, 0.9936556816101074, 0.9930562376976013, 0.9928564429283142, 0.9932560920715332, 0.994554877281189, 0.9941552877426147, 0.9962533712387085, 0.9936556816101074, 0.9946548342704773, 0.9938555359840393, 0.9968028664588928, 0.9988510608673096, 0.9987511038780212, 0.9989509582519531, 0.9990508556365967, 0.9992506504058838, 0.9989509582519531, 0.9994505047798157], "val_loss": [3.9434540271759033, 2.92081618309021, 2.1936678886413574, 1.7341769933700562, 1.3752293586730957, 1.1607449054718018, 0.9238026142120361, 0.841268002986908, 0.7608819603919983, 0.6524971127510071, 0.5658420324325562, 0.5295489430427551, 0.5257288813591003, 0.4834551513195038, 0.46132761240005493, 0.49765193462371826, 0.4414377808570862, 0.4731996953487396, 0.5425252318382263, 0.5026307106018066, 0.6240769624710083, 0.5984473824501038, 0.46242091059684753, 0.43226444721221924, 0.4158176779747009, 0.4014817774295807, 0.38044673204421997, 0.3797847628593445, 0.36909911036491394, 0.37119773030281067], "val_accuracy": [0.6027294397354126, 0.7717456221580505, 0.8513797521591187, 0.8777744174003601, 0.8959208130836487, 0.8939712047576904, 0.9116676449775696, 0.9016196727752686, 0.9020695686340332, 0.9080683588981628, 0.9173665046691895, 0.9163167476654053, 0.9112177491188049, 0.9182663559913635, 0.9163167476654053, 0.9067186713218689, 0.921265721321106, 0.9103179574012756, 0.8966706395149231, 0.908818244934082, 0.8773245215415955, 0.8888722062110901, 0.916616678237915, 0.9235153198242188, 0.9263647198677063, 0.9293641448020935, 0.9331133961677551, 0.9319136142730713, 0.9341631531715393, 0.932213544845581], "lr": [9.999999747378752e-05, 9.999999747378752e-05, 9.999999747378752e-05, 9.999999747378752e-05, 9.999999747378752e-05, 9.999999747378752e-05, 9.999999747378752e-05, 9.999999747378752e-05, 9.999999747378752e-05, 9.999999747378752e-05, 9.999999747378752e-05, 9.999999747378752e-05, 9.999999747378752e-05, 9.999999747378752e-05, 9.999999747378752e-05, 9.999999747378752e-05, 9.999999747378752e-05, 9.999999747378752e-05, 9.999999747378752e-05, 9.999999747378752e-05, 9.999999747378752e-05, 4.999999873689376e-05, 2.499999936844688e-05, 2.499999936844688e-05, 2.499999936844688e-05, 2.499999936844688e-05, 2.499999936844688e-05, 2.499999936844688e-05, 2.499999936844688e-05, 2.499999936844688e-05]}