{"loss": [4.838557243347168, 3.423768997192383, 2.600658655166626, 1.9857070446014404, 1.5114575624465942, 1.1430625915527344, 0.8746572136878967, 0.6746004223823547, 0.5164157152175903, 0.4087674021720886, 0.3297795057296753, 0.2695944905281067, 0.2251092493534088, 0.18962088227272034, 0.16765807569026947, 0.14380143582820892, 0.1227935403585434, 0.10954373329877853, 0.09113476425409317, 0.08229950815439224, 0.07698892802000046, 0.07244936376810074, 0.06929777562618256, 0.06528864800930023, 0.06012292951345444, 0.05574494227766991, 0.05242818221449852, 0.048770200461149216, 0.04792352765798569, 0.04674055799841881], "accuracy": [0.3822060227394104, 0.7406334280967712, 0.8515335917472839, 0.8993905782699585, 0.9298630952835083, 0.9548406600952148, 0.9676291346549988, 0.9766709804534912, 0.9861124753952026, 0.988860011100769, 0.9906084537506104, 0.9919072985649109, 0.9935557842254639, 0.9933559894561768, 0.9924068450927734, 0.9941552877426147, 0.9949045777320862, 0.9942052364349365, 0.9975022673606873, 0.9983514547348022, 0.9986012578010559, 0.9990009069442749, 0.9984514117240906, 0.9990508556365967, 0.9992506504058838, 0.999200701713562, 0.9994505047798157, 0.9994005560874939, 0.9992506504058838, 0.9991507530212402], "val_loss": [3.817014694213867, 2.9308524131774902, 2.235760450363159, 1.7475789785385132, 1.3982001543045044, 1.1510732173919678, 0.9608070254325867, 0.8360496163368225, 0.7037524580955505, 0.6218982934951782, 0.5761827230453491, 0.53679358959198, 0.49971067905426025, 0.5174885392189026, 0.5137775540351868, 0.5797306299209595, 0.5460478663444519, 0.50352942943573, 0.43855372071266174, 0.4000582695007324, 0.38661426305770874, 0.38982588052749634, 0.3618971109390259, 0.37056195735931396, 0.3821219205856323, 0.38813260197639465, 0.37900665402412415, 0.37540486454963684, 0.36592981219291687, 0.3670099675655365], "val_accuracy": [0.6382723450660706, 0.7687462568283081, 0.8372825384140015, 0.8719255924224854, 0.8855729103088379, 0.8906718492507935, 0.8957708477973938, 0.9041691422462463, 0.9097180366516113, 0.913467288017273, 0.9154168963432312, 0.9116676449775696, 0.9178164601325989, 0.9074684977531433, 0.9068686366081238, 0.8905218839645386, 0.901019811630249, 0.9031193852424622, 0.9203659296035767, 0.9269645810127258, 0.9293641448020935, 0.9301139712333679, 0.9338632225990295, 0.9337132573127747, 0.9313137531280518, 0.9302639365196228, 0.931013822555542, 0.9284642934799194, 0.93326336145401, 0.9329634308815002], "lr": [9.999999747378752e-05, 9.999999747378752e-05, 9.999999747378752e-05, 9.999999747378752e-05, 9.999999747378752e-05, 9.999999747378752e-05, 9.999999747378752e-05, 9.999999747378752e-05, 9.999999747378752e-05, 9.999999747378752e-05, 9.999999747378752e-05, 9.999999747378752e-05, 9.999999747378752e-05, 9.999999747378752e-05, 9.999999747378752e-05, 9.999999747378752e-05, 9.999999747378752e-05, 4.999999873689376e-05, 2.499999936844688e-05, 2.499999936844688e-05, 2.499999936844688e-05, 2.499999936844688e-05, 2.499999936844688e-05, 2.499999936844688e-05, 2.499999936844688e-05, 2.499999936844688e-05, 2.499999936844688e-05, 1.249999968422344e-05, 6.24999984211172e-06, 6.24999984211172e-06]}